clip_id,rater,elbow,asymmetry,shoulder,trunk,head,confidence
P01_ASY_rep1,R1,0,1,0,0,0,3
P01_ASY_rep1,R2,0,1,0,0,0,3
P01_ASY_rep2,R1,0,1,0,0,0,3
P01_ASY_rep2,R2,0,1,0,0,0,3
P01_ASY_rep3,R1,0,1,0,0,0,3
P01_ASY_rep3,R2,0,1,0,0,0,3
P01_ASY_rep4,R1,0,1,0,0,0,3
P01_ASY_rep4,R2,0,1,0,0,0,3
P01_ASY_rep5,R1,0,1,0,0,0,3
P01_ASY_rep5,R2,0,1,0,0,0,3
P01_COR_rep10,R1,0,0,0,0,0,3
P01_COR_rep10,R2,0,0,0,0,0,3
P01_COR_rep2,R1,0,0,0,0,0,3
P01_COR_rep2,R2,0,0,0,0,0,3
P01_COR_rep3,R1,0,0,0,0,0,3
P01_COR_rep3,R2,0,0,0,0,0,3
P01_COR_rep4,R1,0,0,0,0,0,3
P01_COR_rep4,R2,0,0,0,0,0,3
P01_COR_rep5,R1,0,0,0,0,0,3
P01_COR_rep5,R2,0,0,0,0,0,3
P01_COR_rep6,R1,0,0,0,0,0,3
P01_COR_rep6,R2,0,0,0,0,0,3
P01_COR_rep7,R1,0,0,0,0,0,3
P01_COR_rep7,R2,0,0,0,0,0,3
P01_COR_rep8,R1,0,0,0,0,0,3
P01_COR_rep8,R2,0,0,0,0,0,3
P01_COR_rep9,R1,0,0,0,0,0,3
P01_COR_rep9,R2,0,0,0,0,0,3
P01_ELB_rep1,R1,1,0,0,0,0,3
P01_ELB_rep1,R2,1,0,0,0,0,3
P01_ELB_rep2,R1,1,0,0,0,0,3
P01_ELB_rep2,R2,1,0,0,0,0,3
P01_ELB_rep3,R1,1,0,0,0,0,3
P01_ELB_rep3,R2,1,0,0,0,0,3
P01_ELB_rep4,R1,1,0,0,0,0,3
P01_ELB_rep4,R2,1,0,0,0,0,3
P01_ELB_rep5,R1,1,0,0,0,0,3
P01_ELB_rep5,R2,1,0,0,0,0,3
P01_HED_rep2,R1,0,0,0,0,1,3
P01_HED_rep2,R2,0,0,0,0,1,3
P01_HED_rep3,R1,0,0,0,0,1,3
P01_HED_rep3,R2,0,1,0,0,1,2
P01_HED_rep4,R1,0,0,0,0,1,3
P01_HED_rep4,R2,0,0,0,0,1,3
P01_HED_rep5,R1,0,0,0,0,1,3
P01_HED_rep5,R2,0,0,0,0,1,3
P01_SHR_rep1,R1,0,0,1,0,0,1
P01_SHR_rep1,R2,0,0,1,0,0,1
P01_SHR_rep2,R1,0,0,1,0,0,3
P01_SHR_rep2,R2,0,0,1,0,0,3
P01_SHR_rep3,R1,0,0,1,0,0,2
P01_SHR_rep3,R2,0,0,1,0,0,3
P01_SHR_rep4,R1,0,0,1,0,0,3
P01_SHR_rep4,R2,0,0,1,0,0,3
P01_SHR_rep5,R1,0,0,1,0,0,3
P01_SHR_rep5,R2,0,0,1,0,0,3
P01_TRK_rep1,R1,0,0,0,1,0,2
P01_TRK_rep1,R2,0,0,1,1,0,3
P01_TRK_rep2,R1,0,0,0,1,0,3
P01_TRK_rep2,R2,0,1,0,1,0,3
P01_TRK_rep3,R1,0,0,0,1,0,3
P01_TRK_rep3,R2,0,0,0,1,0,3
P01_TRK_rep4,R1,0,1,0,1,0,2
P01_TRK_rep4,R2,0,1,0,1,0,2
P01_TRK_rep5,R1,0,0,0,1,0,2
P01_TRK_rep5,R2,0,1,0,1,0,2
P02_ASY_rep1,R1,0,1,0,0,0,2
P02_ASY_rep1,R2,0,1,1,0,0,2
P02_ASY_rep2,R1,0,1,0,0,0,2
P02_ASY_rep2,R2,0,1,0,0,0,3
P02_ASY_rep3,R1,0,1,0,0,0,2
P02_ASY_rep3,R2,0,1,0,0,0,3
P02_ASY_rep4,R1,0,1,0,0,0,3
P02_ASY_rep4,R2,0,1,0,0,0,3
P02_ASY_rep5,R1,1,1,0,0,0,2
P02_ASY_rep5,R2,0,1,0,0,0,3
P02_COR_rep10,R1,0,0,0,0,0,3
P02_COR_rep10,R2,0,0,0,0,0,3
P02_COR_rep2,R1,0,0,0,0,0,3
P02_COR_rep2,R2,0,0,0,0,0,3
P02_COR_rep3,R1,0,0,0,0,0,3
P02_COR_rep3,R2,0,0,0,0,0,3
P02_COR_rep4,R1,0,0,0,0,0,3
P02_COR_rep4,R2,0,0,0,0,0,3
P02_COR_rep5,R1,0,0,0,0,0,3
P02_COR_rep5,R2,0,0,0,0,0,3
P02_COR_rep6,R1,0,0,0,0,0,2
P02_COR_rep6,R2,0,0,0,0,0,3
P02_COR_rep7,R1,0,1,0,0,0,1
P02_COR_rep7,R2,0,0,0,0,0,3
P02_COR_rep8,R1,0,0,0,0,0,2
P02_COR_rep8,R2,0,0,0,0,0,3
P02_COR_rep9,R1,0,0,0,0,0,2
P02_COR_rep9,R2,0,0,0,0,0,3
P02_ELB_rep2,R1,1,0,0,0,0,2
P02_ELB_rep2,R2,1,1,0,0,0,2
P02_ELB_rep3,R1,1,0,0,0,0,2
P02_ELB_rep3,R2,0,0,1,0,0,3
P02_ELB_rep4,R1,0,1,0,0,0,2
P02_ELB_rep4,R2,1,1,0,0,0,2
P02_ELB_rep5,R1,1,0,0,0,0,2
P02_ELB_rep5,R2,1,0,0,0,0,3
P02_HED_rep1,R1,0,0,1,0,1,2
P02_HED_rep1,R2,0,0,1,0,1,2
P02_HED_rep2,R1,0,1,0,0,1,2
P02_HED_rep2,R2,0,0,1,0,1,2
P02_HED_rep3,R1,0,0,0,0,1,3
P02_HED_rep3,R2,0,0,0,0,1,3
P02_HED_rep4,R1,0,0,0,1,1,2
P02_HED_rep4,R2,0,0,0,0,1,3
P02_HED_rep5,R1,0,0,0,0,1,3
P02_HED_rep5,R2,0,0,0,0,1,3
P02_SHR_rep1,R1,0,0,1,0,0,3
P02_SHR_rep1,R2,0,0,1,0,0,3
P02_SHR_rep2,R1,0,0,1,0,0,3
P02_SHR_rep2,R2,0,0,1,0,0,3
P02_SHR_rep3,R1,0,0,1,0,0,2
P02_SHR_rep3,R2,0,0,1,0,0,3
P02_SHR_rep4,R1,0,0,1,0,0,3
P02_SHR_rep4,R2,0,0,1,0,0,3
P02_SHR_rep5,R1,0,0,1,0,0,3
P02_SHR_rep5,R2,0,0,1,0,0,3
P02_TRK_rep1,R1,0,1,0,1,0,2
P02_TRK_rep1,R2,0,0,1,1,0,2
P02_TRK_rep2,R1,0,1,0,1,0,2
P02_TRK_rep2,R2,0,1,0,1,0,3
P02_TRK_rep3,R1,0,1,0,1,0,2
P02_TRK_rep3,R2,0,1,0,1,0,2
P02_TRK_rep4,R1,0,1,0,1,0,2
P02_TRK_rep4,R2,0,1,0,0,0,3
P02_TRK_rep5,R1,0,1,0,1,0,2
P02_TRK_rep5,R2,0,0,1,1,0,2
P03_ASY_rep1,R1,0,1,0,0,0,2
P03_ASY_rep1,R2,0,1,0,0,0,3
P03_ASY_rep2,R1,0,1,0,0,0,3
P03_ASY_rep2,R2,0,1,0,0,0,3
P03_ASY_rep3,R1,0,1,0,0,0,3
P03_ASY_rep3,R2,0,1,0,0,0,3
P03_ASY_rep4,R1,0,1,0,0,0,3
P03_ASY_rep4,R2,0,1,0,0,0,3
P03_ASY_rep5,R1,0,1,0,0,0,3
P03_ASY_rep5,R2,0,1,0,0,0,3
P03_COR_rep1,R1,0,0,0,0,0,3
P03_COR_rep1,R2,0,0,0,0,0,3
P03_COR_rep10,R1,0,0,0,0,0,3
P03_COR_rep10,R2,0,0,0,0,0,3
P03_COR_rep2,R1,0,0,0,0,0,3
P03_COR_rep2,R2,0,0,0,0,0,3
P03_COR_rep3,R1,0,0,0,0,0,3
P03_COR_rep3,R2,0,0,0,0,0,3
P03_COR_rep4,R1,0,0,0,0,0,3
P03_COR_rep4,R2,0,0,0,0,0,3
P03_COR_rep5,R1,0,0,0,0,0,2
P03_COR_rep5,R2,0,0,0,0,0,3
P03_COR_rep6,R1,0,0,0,0,0,2
P03_COR_rep6,R2,0,0,0,0,0,3
P03_COR_rep7,R1,0,0,0,0,0,2
P03_COR_rep7,R2,0,0,0,0,0,3
P03_COR_rep8,R1,0,0,0,0,0,3
P03_COR_rep8,R2,0,0,0,0,0,3
P03_COR_rep9,R1,0,0,0,0,0,3
P03_COR_rep9,R2,0,0,0,0,0,3
P03_ELB_rep1,R1,1,0,0,0,0,3
P03_ELB_rep1,R2,1,0,0,0,0,3
P03_ELB_rep2,R1,1,0,0,0,0,3
P03_ELB_rep2,R2,1,0,0,0,0,3
P03_ELB_rep3,R1,1,0,0,0,0,3
P03_ELB_rep3,R2,1,0,0,0,0,3
P03_ELB_rep4,R1,1,0,0,0,0,3
P03_ELB_rep4,R2,1,0,0,0,0,3
P03_ELB_rep5,R1,1,0,0,0,0,3
P03_ELB_rep5,R2,1,0,0,0,0,3
P03_HED_rep1,R1,0,0,1,0,1,2
P03_HED_rep1,R2,0,0,0,0,1,3
P03_HED_rep2,R1,0,0,0,0,1,2
P03_HED_rep2,R2,0,0,0,0,1,3
P03_HED_rep3,R1,0,0,0,0,1,3
P03_HED_rep3,R2,0,0,0,0,1,3
P03_HED_rep4,R1,0,0,0,0,1,2
P03_HED_rep4,R2,0,0,0,0,1,3
P03_HED_rep5,R1,0,0,0,0,1,3
P03_HED_rep5,R2,0,0,0,0,1,3
P03_SHR_rep1,R1,0,0,1,0,0,2
P03_SHR_rep1,R2,0,0,1,0,0,3
P03_SHR_rep2,R1,0,0,1,0,0,3
P03_SHR_rep2,R2,0,0,1,0,0,3
P03_SHR_rep3,R1,0,0,1,0,0,2
P03_SHR_rep3,R2,0,0,1,0,0,3
P03_SHR_rep4,R1,0,0,1,0,0,3
P03_SHR_rep4,R2,0,0,1,0,0,3
P03_SHR_rep5,R1,0,0,1,0,0,3
P03_SHR_rep5,R2,0,0,1,0,0,3
P03_TRK_rep1,R1,0,0,0,1,0,2
P03_TRK_rep1,R2,0,0,0,1,0,3
P03_TRK_rep2,R1,0,0,0,1,0,2
P03_TRK_rep2,R2,0,0,0,1,1,3
P03_TRK_rep3,R1,0,0,0,1,0,3
P03_TRK_rep3,R2,0,0,0,1,0,3
P03_TRK_rep4,R1,0,0,0,1,0,3
P03_TRK_rep4,R2,0,0,0,1,1,3
P03_TRK_rep5,R1,0,0,0,1,0,3
P03_TRK_rep5,R2,0,0,0,1,0,3
P04_ASY_rep1,R1,0,1,0,0,0,1
P04_ASY_rep1,R2,0,1,0,0,0,3
P04_ASY_rep2,R1,0,1,0,0,0,3
P04_ASY_rep2,R2,0,1,0,0,0,3
P04_ASY_rep3,R1,0,1,0,0,0,3
P04_ASY_rep3,R2,0,1,0,0,0,3
P04_ASY_rep4,R1,0,1,0,0,0,2
P04_ASY_rep4,R2,0,1,0,0,0,3
P04_ASY_rep5,R1,0,1,0,0,0,3
P04_ASY_rep5,R2,0,1,0,0,0,3
P04_COR_rep1,R1,0,0,0,0,0,3
P04_COR_rep1,R2,0,0,0,0,0,3
P04_COR_rep10,R1,0,0,0,0,0,2
P04_COR_rep10,R2,0,0,0,0,0,3
P04_COR_rep2,R1,0,0,0,0,0,3
P04_COR_rep2,R2,0,0,0,0,0,3
P04_COR_rep3,R1,0,0,0,0,0,3
P04_COR_rep3,R2,0,0,0,0,0,3
P04_COR_rep4,R1,0,0,0,0,0,3
P04_COR_rep4,R2,0,0,0,0,0,3
P04_COR_rep5,R1,0,0,0,0,0,3
P04_COR_rep5,R2,0,0,0,0,0,3
P04_COR_rep6,R1,0,0,0,0,0,3
P04_COR_rep6,R2,0,0,0,0,0,3
P04_COR_rep7,R1,0,0,0,0,0,3
P04_COR_rep7,R2,0,0,0,0,0,3
P04_COR_rep8,R1,0,0,0,0,0,3
P04_COR_rep8,R2,0,0,0,0,0,3
P04_COR_rep9,R1,0,0,0,0,0,3
P04_COR_rep9,R2,0,0,0,0,0,3
P04_ELB_rep1,R1,1,0,0,0,0,3
P04_ELB_rep1,R2,1,0,0,0,0,3
P04_ELB_rep2,R1,1,1,0,0,0,2
P04_ELB_rep2,R2,1,0,0,0,0,3
P04_ELB_rep3,R1,1,1,0,0,0,3
P04_ELB_rep3,R2,1,0,0,0,0,2
P04_ELB_rep4,R1,1,0,0,0,0,2
P04_ELB_rep4,R2,1,0,0,0,0,3
P04_ELB_rep5,R1,1,0,0,0,0,3
P04_ELB_rep5,R2,1,0,0,0,0,2
P04_HED_rep2,R1,0,0,1,0,1,2
P04_HED_rep2,R2,0,0,0,0,1,3
P04_HED_rep3,R1,0,0,0,0,1,3
P04_HED_rep3,R2,0,0,0,0,1,3
P04_HED_rep4,R1,0,0,0,0,1,3
P04_HED_rep4,R2,0,0,0,0,1,3
P04_HED_rep5,R1,0,0,1,0,1,2
P04_HED_rep5,R2,0,0,0,0,1,3
P04_SHR_rep1,R1,0,0,1,0,0,3
P04_SHR_rep1,R2,0,0,1,0,0,3
P04_SHR_rep2,R1,0,0,1,0,0,3
P04_SHR_rep2,R2,0,0,1,0,0,3
P04_SHR_rep3,R1,0,0,1,0,0,3
P04_SHR_rep3,R2,0,0,1,0,0,3
P04_SHR_rep4,R1,0,0,1,0,0,3
P04_SHR_rep4,R2,0,0,1,0,0,3
P04_SHR_rep5,R1,0,0,1,0,0,3
P04_SHR_rep5,R2,0,0,1,0,0,3
P04_TRK_rep1,R1,0,0,0,1,0,1
P04_TRK_rep1,R2,0,0,0,1,0,3
P04_TRK_rep2,R1,0,0,0,1,0,2
P04_TRK_rep2,R2,0,0,0,1,0,3
P04_TRK_rep3,R1,0,0,0,1,0,3
P04_TRK_rep3,R2,0,0,0,1,0,3
P04_TRK_rep4,R1,0,0,0,1,0,2
P04_TRK_rep4,R2,0,0,0,1,0,3
P04_TRK_rep5,R1,0,1,0,1,0,2
P04_TRK_rep5,R2,0,1,0,1,0,2
P05_ASY_rep1,R1,0,1,0,0,0,3
P05_ASY_rep1,R2,0,1,0,0,0,3
P05_ASY_rep2,R1,0,1,0,0,0,3
P05_ASY_rep2,R2,0,1,0,0,0,3
P05_ASY_rep3,R1,0,1,0,0,0,3
P05_ASY_rep3,R2,0,1,0,0,0,3
P05_ASY_rep4,R1,0,1,0,0,0,3
P05_ASY_rep4,R2,0,1,0,0,0,3
P05_ASY_rep5,R1,0,1,0,0,0,3
P05_ASY_rep5,R2,0,1,0,0,0,3
P05_COR_rep10,R1,0,0,0,0,0,3
P05_COR_rep10,R2,0,0,0,0,0,3
P05_COR_rep2,R1,0,0,0,0,0,3
P05_COR_rep2,R2,0,0,0,0,0,3
P05_COR_rep3,R1,0,0,0,0,0,3
P05_COR_rep3,R2,0,0,0,0,0,3
P05_COR_rep4,R1,0,0,0,0,0,3
P05_COR_rep4,R2,0,0,0,0,0,3
P05_COR_rep5,R1,0,0,0,0,0,3
P05_COR_rep5,R2,0,0,0,0,0,3
P05_COR_rep6,R1,0,0,0,0,0,2
P05_COR_rep6,R2,0,0,0,0,0,3
P05_COR_rep7,R1,0,0,0,0,0,3
P05_COR_rep7,R2,0,0,0,0,0,3
P05_COR_rep8,R1,0,0,0,0,0,3
P05_COR_rep8,R2,0,0,0,0,0,3
P05_COR_rep9,R1,0,0,0,0,0,3
P05_COR_rep9,R2,0,0,0,0,0,3
P05_ELB_rep1,R1,1,0,0,0,0,3
P05_ELB_rep1,R2,1,0,0,0,0,3
P05_ELB_rep2,R1,1,0,0,0,0,3
P05_ELB_rep2,R2,1,0,0,0,0,3
P05_ELB_rep3,R1,1,0,1,0,0,2
P05_ELB_rep3,R2,1,0,0,0,0,3
P05_ELB_rep4,R1,1,0,1,0,0,2
P05_ELB_rep4,R2,1,0,0,0,0,3
P05_ELB_rep5,R1,1,0,1,0,0,2
P05_ELB_rep5,R2,1,0,0,0,0,3
P05_HED_rep2,R1,0,0,0,0,1,3
P05_HED_rep2,R2,0,0,0,0,1,3
P05_HED_rep3,R1,0,0,0,0,1,3
P05_HED_rep3,R2,0,0,0,0,1,3
P05_HED_rep4,R1,0,0,0,0,1,3
P05_HED_rep4,R2,0,0,0,0,1,3
P05_HED_rep5,R1,0,0,0,0,1,3
P05_HED_rep5,R2,0,0,0,0,1,3
P05_SHR_rep2,R1,0,0,1,0,0,3
P05_SHR_rep2,R2,0,0,1,0,0,3
P05_SHR_rep3,R1,0,0,1,0,0,2
P05_SHR_rep3,R2,0,0,1,0,0,3
P05_SHR_rep4,R1,0,0,1,0,0,3
P05_SHR_rep4,R2,0,0,1,0,0,3
P05_SHR_rep5,R1,0,0,1,0,0,3
P05_SHR_rep5,R2,0,0,1,0,0,3
P05_TRK_rep2,R1,0,0,1,1,0,2
P05_TRK_rep2,R2,0,0,0,1,0,3
P05_TRK_rep3,R1,0,0,0,1,0,2
P05_TRK_rep3,R2,0,0,0,1,1,2
P05_TRK_rep4,R1,0,0,0,1,0,3
P05_TRK_rep4,R2,0,1,0,1,0,2
P05_TRK_rep5,R1,0,0,0,1,0,2
P05_TRK_rep5,R2,0,0,0,1,0,2
P06_ASY_rep1,R1,0,1,0,0,0,2
P06_ASY_rep1,R2,0,1,0,0,0,3
P06_ASY_rep2,R1,0,1,0,0,0,3
P06_ASY_rep2,R2,0,1,0,0,0,3
P06_ASY_rep3,R1,0,1,0,0,0,2
P06_ASY_rep3,R2,0,1,0,0,0,3
P06_ASY_rep4,R1,0,1,0,0,0,3
P06_ASY_rep4,R2,0,1,0,0,0,3
P06_ASY_rep5,R1,0,1,0,0,0,3
P06_ASY_rep5,R2,0,1,0,0,0,3
P06_COR_rep1,R1,0,0,0,0,0,3
P06_COR_rep1,R2,0,0,0,0,0,3
P06_COR_rep10,R1,0,0,0,0,0,3
P06_COR_rep10,R2,0,0,0,0,0,3
P06_COR_rep2,R1,0,0,0,0,0,3
P06_COR_rep2,R2,0,0,0,0,0,3
P06_COR_rep3,R1,0,0,0,0,0,2
P06_COR_rep3,R2,0,0,0,0,0,3
P06_COR_rep4,R1,0,0,0,0,0,3
P06_COR_rep4,R2,0,0,0,0,0,3
P06_COR_rep5,R1,0,0,0,0,0,3
P06_COR_rep5,R2,0,0,0,0,0,3
P06_COR_rep6,R1,0,0,0,0,0,3
P06_COR_rep6,R2,0,0,0,0,0,3
P06_COR_rep7,R1,0,0,0,0,0,3
P06_COR_rep7,R2,0,0,0,0,0,3
P06_COR_rep8,R1,0,0,0,0,0,3
P06_COR_rep8,R2,0,0,0,0,0,3
P06_COR_rep9,R1,0,0,0,0,0,3
P06_COR_rep9,R2,0,0,0,0,0,3
P06_ELB_rep1,R1,1,0,0,0,0,3
P06_ELB_rep1,R2,1,0,1,0,0,2
P06_ELB_rep2,R1,1,0,0,0,0,2
P06_ELB_rep2,R2,1,0,0,0,0,3
P06_ELB_rep3,R1,1,0,0,0,0,3
P06_ELB_rep3,R2,1,0,0,0,0,3
P06_ELB_rep4,R1,1,0,0,0,0,2
P06_ELB_rep4,R2,1,0,0,0,0,3
P06_ELB_rep5,R1,1,0,0,0,1,2
P06_ELB_rep5,R2,1,0,0,0,0,3
P06_HED_rep1,R1,0,0,0,0,1,3
P06_HED_rep1,R2,0,0,0,0,1,3
P06_HED_rep2,R1,0,0,0,0,1,3
P06_HED_rep2,R2,0,0,0,0,1,2
P06_HED_rep3,R1,0,0,0,0,1,3
P06_HED_rep3,R2,0,0,0,0,1,3
P06_HED_rep4,R1,0,0,0,0,1,2
P06_HED_rep4,R2,0,0,0,0,1,3
P06_HED_rep5,R1,0,0,0,0,1,3
P06_HED_rep5,R2,0,1,0,1,0,2
P06_SHR_rep1,R1,0,0,1,0,0,3
P06_SHR_rep1,R2,0,0,1,0,0,3
P06_SHR_rep2,R1,0,0,1,0,0,3
P06_SHR_rep2,R2,0,0,1,0,0,3
P06_SHR_rep3,R1,0,0,1,0,0,3
P06_SHR_rep3,R2,0,0,1,0,0,2
P06_SHR_rep4,R1,0,0,1,0,0,3
P06_SHR_rep4,R2,0,0,1,0,0,3
P06_SHR_rep5,R1,0,0,1,0,0,3
P06_SHR_rep5,R2,0,0,1,0,0,3
P06_TRK_rep1,R1,0,0,0,1,1,3
P06_TRK_rep1,R2,0,0,0,1,1,2
P06_TRK_rep2,R1,0,0,0,1,1,2
P06_TRK_rep2,R2,0,0,0,1,1,3
P06_TRK_rep3,R1,0,0,0,1,1,2
P06_TRK_rep3,R2,0,0,0,1,1,3
P06_TRK_rep4,R1,0,0,1,0,1,2
P06_TRK_rep4,R2,0,0,0,0,1,2
P06_TRK_rep5,R1,0,0,1,0,1,2
P06_TRK_rep5,R2,0,0,0,1,1,3
P07_ASY_rep1,R1,0,1,0,0,0,3
P07_ASY_rep1,R2,0,1,0,0,0,3
P07_ASY_rep2,R1,0,1,0,0,0,3
P07_ASY_rep2,R2,0,1,0,0,0,3
P07_ASY_rep3,R1,0,1,0,0,0,3
P07_ASY_rep3,R2,0,1,0,0,0,3
P07_ASY_rep4,R1,0,1,0,0,0,3
P07_ASY_rep4,R2,0,1,0,0,0,3
P07_ASY_rep5,R1,0,1,0,0,0,3
P07_ASY_rep5,R2,0,1,0,0,0,3
P07_COR_rep1,R1,0,0,0,0,0,1
P07_COR_rep1,R2,0,0,0,0,0,3
P07_COR_rep10,R1,0,0,0,0,0,3
P07_COR_rep10,R2,0,0,0,0,0,3
P07_COR_rep2,R1,0,0,0,0,0,3
P07_COR_rep2,R2,0,0,0,0,0,3
P07_COR_rep3,R1,0,0,0,0,0,3
P07_COR_rep3,R2,0,0,0,0,0,3
P07_COR_rep4,R1,0,0,0,0,0,3
P07_COR_rep4,R2,0,0,0,0,0,3
P07_COR_rep5,R1,0,0,0,0,0,3
P07_COR_rep5,R2,0,0,0,0,0,3
P07_COR_rep6,R1,0,0,0,0,0,3
P07_COR_rep6,R2,0,0,0,0,0,3
P07_COR_rep7,R1,0,0,0,0,0,3
P07_COR_rep7,R2,0,0,0,0,0,3
P07_COR_rep8,R1,0,0,0,0,0,3
P07_COR_rep8,R2,0,0,0,0,0,3
P07_COR_rep9,R1,0,0,0,0,0,3
P07_COR_rep9,R2,0,0,0,0,0,3
P07_ELB_rep1,R1,1,0,0,0,0,3
P07_ELB_rep1,R2,1,0,0,0,0,3
P07_ELB_rep2,R1,1,0,0,0,0,3
P07_ELB_rep2,R2,1,0,0,0,0,3
P07_ELB_rep3,R1,1,0,0,0,0,3
P07_ELB_rep3,R2,1,0,0,0,0,3
P07_ELB_rep4,R1,1,0,0,0,0,2
P07_ELB_rep4,R2,1,0,0,0,0,3
P07_ELB_rep5,R1,1,0,0,0,0,2
P07_ELB_rep5,R2,1,0,0,0,0,2
P07_HED_rep1,R1,0,0,0,0,1,3
P07_HED_rep1,R2,0,0,0,0,1,3
P07_HED_rep2,R1,0,0,0,0,1,2
P07_HED_rep2,R2,0,0,0,0,1,3
P07_HED_rep3,R1,0,0,0,0,1,3
P07_HED_rep3,R2,0,0,0,0,1,3
P07_HED_rep4,R1,0,0,0,0,1,3
P07_HED_rep4,R2,0,0,0,0,1,3
P07_HED_rep5,R1,0,0,0,0,1,3
P07_HED_rep5,R2,0,0,0,0,1,3
P07_SHR_rep1,R1,0,0,1,0,0,2
P07_SHR_rep1,R2,0,0,1,0,0,3
P07_SHR_rep2,R1,0,0,1,0,0,3
P07_SHR_rep2,R2,0,0,1,0,0,2
P07_SHR_rep3,R1,0,0,1,0,0,3
P07_SHR_rep3,R2,0,0,1,0,0,3
P07_SHR_rep4,R1,0,0,1,0,0,2
P07_SHR_rep4,R2,0,0,1,0,0,3
P07_SHR_rep5,R1,0,0,1,0,0,1
P07_SHR_rep5,R2,0,0,1,0,0,2
P07_TRK_rep1,R1,0,1,0,1,1,2
P07_TRK_rep1,R2,0,0,0,1,1,2
P07_TRK_rep2,R1,0,1,0,1,1,2
P07_TRK_rep2,R2,0,0,0,1,1,3
P07_TRK_rep3,R1,0,1,0,1,0,2
P07_TRK_rep3,R2,0,0,0,1,0,3
P07_TRK_rep4,R1,0,1,0,1,0,2
P07_TRK_rep4,R2,0,0,0,1,1,2
P07_TRK_rep5,R1,0,1,0,1,0,2
P07_TRK_rep5,R2,0,0,0,1,1,2
P08_ASY_rep1,R1,0,0,0,0,0,3
P08_ASY_rep1,R2,0,0,0,0,0,3
P08_ASY_rep2,R1,0,1,0,0,0,3
P08_ASY_rep2,R2,0,1,0,0,0,3
P08_ASY_rep3,R1,0,1,0,0,0,3
P08_ASY_rep3,R2,0,1,0,0,0,3
P08_ASY_rep4,R1,0,1,0,0,0,3
P08_ASY_rep4,R2,0,1,0,0,0,3
P08_ASY_rep5,R1,0,1,0,0,0,3
P08_ASY_rep5,R2,0,1,0,0,0,3
P08_COR_rep1,R1,0,0,0,0,0,3
P08_COR_rep1,R2,0,1,0,0,0,3
P08_COR_rep10,R1,0,0,0,0,0,3
P08_COR_rep10,R2,0,1,0,0,0,2
P08_COR_rep2,R1,0,0,0,0,0,3
P08_COR_rep2,R2,0,1,0,0,0,2
P08_COR_rep3,R1,0,0,0,0,0,2
P08_COR_rep3,R2,0,1,0,0,0,3
P08_COR_rep4,R1,0,0,0,0,0,3
P08_COR_rep4,R2,0,1,0,0,0,2
P08_COR_rep5,R1,0,0,0,0,0,2
P08_COR_rep5,R2,0,1,0,0,0,3
P08_COR_rep6,R1,0,0,0,0,0,3
P08_COR_rep6,R2,0,1,0,0,0,2
P08_COR_rep7,R1,0,0,0,0,0,2
P08_COR_rep7,R2,0,1,0,0,0,3
P08_COR_rep8,R1,0,0,0,0,0,3
P08_COR_rep8,R2,0,1,0,0,0,3
P08_COR_rep9,R1,0,0,0,0,0,3
P08_COR_rep9,R2,0,1,0,0,0,2
P08_ELB_rep1,R1,1,0,0,0,0,3
P08_ELB_rep1,R2,1,0,0,0,0,3
P08_ELB_rep2,R1,1,1,0,0,0,3
P08_ELB_rep2,R2,1,0,0,0,0,3
P08_ELB_rep3,R1,1,0,0,0,0,2
P08_ELB_rep3,R2,1,0,0,0,0,3
P08_ELB_rep4,R1,1,0,1,0,0,2
P08_ELB_rep4,R2,1,0,0,0,0,2
P08_ELB_rep5,R1,1,0,0,0,0,2
P08_ELB_rep5,R2,1,0,0,0,0,3
P08_HED_rep1,R1,0,0,0,0,1,3
P08_HED_rep1,R2,0,1,0,0,1,2
P08_HED_rep2,R1,0,0,0,0,1,3
P08_HED_rep2,R2,0,0,0,0,1,3
P08_HED_rep3,R1,0,0,1,0,1,2
P08_HED_rep3,R2,0,0,1,0,1,3
P08_HED_rep4,R1,0,0,0,0,1,3
P08_HED_rep4,R2,0,0,0,0,1,3
P08_HED_rep5,R1,0,0,0,0,1,3
P08_HED_rep5,R2,0,0,0,0,1,3
P08_SHR_rep1,R1,0,0,1,0,0,3
P08_SHR_rep1,R2,0,1,0,0,0,3
P08_SHR_rep2,R1,0,0,1,0,0,2
P08_SHR_rep2,R2,0,1,0,0,0,2
P08_SHR_rep3,R1,0,0,1,0,0,1
P08_SHR_rep3,R2,0,1,1,0,0,2
P08_SHR_rep4,R1,0,0,1,0,0,1
P08_SHR_rep4,R2,0,1,0,0,0,2
P08_SHR_rep5,R1,0,0,0,0,0,3
P08_SHR_rep5,R2,0,1,0,0,0,1
P08_TRK_rep1,R1,0,1,0,1,0,2
P08_TRK_rep1,R2,0,1,0,1,0,3
P08_TRK_rep2,R1,0,1,0,1,0,2
P08_TRK_rep2,R2,0,1,0,1,0,2
P08_TRK_rep3,R1,0,1,0,1,0,2
P08_TRK_rep3,R2,0,0,0,1,0,2
P08_TRK_rep4,R1,0,1,0,1,0,2
P08_TRK_rep4,R2,0,1,0,1,0,3
P08_TRK_rep5,R1,0,1,0,1,0,2
P08_TRK_rep5,R2,0,1,0,1,0,2
P09_ASY_rep1,R1,0,1,0,0,0,3
P09_ASY_rep1,R2,0,1,0,0,0,3
P09_ASY_rep2,R1,0,1,0,0,0,3
P09_ASY_rep2,R2,0,1,0,0,0,3
P09_ASY_rep3,R1,0,1,0,0,0,3
P09_ASY_rep3,R2,0,1,0,0,0,3
P09_ASY_rep4,R1,0,1,0,0,0,3
P09_ASY_rep4,R2,0,1,0,0,0,3
P09_ASY_rep5,R1,0,1,0,0,0,3
P09_ASY_rep5,R2,0,1,0,0,0,3
P09_COR_rep1,R1,0,0,0,0,0,3
P09_COR_rep1,R2,0,0,0,0,0,3
P09_COR_rep10,R1,0,0,0,0,0,3
P09_COR_rep10,R2,0,0,0,0,0,3
P09_COR_rep2,R1,0,0,0,0,0,3
P09_COR_rep2,R2,0,0,0,0,0,3
P09_COR_rep3,R1,0,0,0,0,0,3
P09_COR_rep3,R2,0,0,0,0,0,3
P09_COR_rep4,R1,0,0,0,0,0,3
P09_COR_rep4,R2,0,0,0,0,0,3
P09_COR_rep5,R1,0,0,0,0,0,3
P09_COR_rep5,R2,0,0,0,0,0,3
P09_COR_rep6,R1,0,0,0,0,0,3
P09_COR_rep6,R2,0,0,0,0,0,3
P09_COR_rep7,R1,0,0,0,0,0,3
P09_COR_rep7,R2,0,0,0,0,0,3
P09_COR_rep8,R1,0,0,0,0,0,3
P09_COR_rep8,R2,0,0,0,0,0,3
P09_COR_rep9,R1,0,0,0,0,0,2
P09_COR_rep9,R2,0,0,0,0,0,3
P09_ELB_rep1,R1,1,0,0,0,0,2
P09_ELB_rep1,R2,1,0,0,0,0,3
P09_ELB_rep2,R1,1,0,1,0,0,2
P09_ELB_rep2,R2,1,0,1,0,0,2
P09_ELB_rep3,R1,1,0,1,0,0,2
P09_ELB_rep3,R2,1,0,0,0,0,3
P09_ELB_rep4,R1,1,0,1,0,0,2
P09_ELB_rep4,R2,1,0,1,0,0,2
P09_ELB_rep5,R1,1,0,1,0,0,2
P09_ELB_rep5,R2,1,0,1,0,0,2
P09_HED_rep1,R1,0,0,0,0,1,3
P09_HED_rep1,R2,0,1,0,0,1,2
P09_HED_rep2,R1,0,0,1,0,1,2
P09_HED_rep2,R2,0,1,0,0,1,2
P09_HED_rep3,R1,0,0,1,0,1,2
P09_HED_rep3,R2,0,1,0,0,1,2
P09_HED_rep4,R1,0,0,1,0,1,2
P09_HED_rep4,R2,0,0,1,0,1,3
P09_HED_rep5,R1,0,0,1,0,1,2
P09_HED_rep5,R2,0,0,0,0,1,3
P09_SHR_rep1,R1,0,0,1,0,0,3
P09_SHR_rep1,R2,0,0,1,0,0,3
P09_SHR_rep2,R1,0,0,1,0,0,3
P09_SHR_rep2,R2,0,0,1,0,0,3
P09_SHR_rep3,R1,0,0,1,0,0,3
P09_SHR_rep3,R2,0,0,1,0,0,3
P09_SHR_rep4,R1,0,0,1,0,0,3
P09_SHR_rep4,R2,0,0,1,0,0,3
P09_SHR_rep5,R1,0,0,1,0,0,3
P09_SHR_rep5,R2,0,0,1,0,0,3
P09_TRK_rep1,R1,0,1,1,1,0,2
P09_TRK_rep1,R2,0,0,0,1,0,3
P09_TRK_rep2,R1,0,1,0,1,0,2
P09_TRK_rep2,R2,0,0,0,1,0,3
P09_TRK_rep3,R1,0,1,0,1,0,2
P09_TRK_rep3,R2,0,0,0,1,1,2
P09_TRK_rep4,R1,0,1,1,1,0,1
P09_TRK_rep4,R2,0,0,0,1,0,3
P09_TRK_rep5,R1,0,1,1,1,0,2
P09_TRK_rep5,R2,0,1,0,1,0,3
P10_ASY_rep1,R1,0,1,0,0,0,3
P10_ASY_rep1,R2,0,1,0,0,0,3
P10_ASY_rep2,R1,0,1,0,0,0,3
P10_ASY_rep2,R2,0,1,0,0,0,3
P10_ASY_rep3,R1,0,1,0,0,0,3
P10_ASY_rep3,R2,0,1,0,0,0,3
P10_ASY_rep4,R1,0,1,0,0,0,3
P10_ASY_rep4,R2,0,1,0,0,0,3
P10_ASY_rep5,R1,0,1,0,0,0,3
P10_ASY_rep5,R2,0,1,0,0,0,3
P10_COR_rep1,R1,0,0,0,0,0,3
P10_COR_rep1,R2,0,0,0,0,0,3
P10_COR_rep10,R1,0,0,0,0,0,3
P10_COR_rep10,R2,0,0,0,0,0,3
P10_COR_rep2,R1,0,0,0,0,0,3
P10_COR_rep2,R2,0,0,0,0,0,3
P10_COR_rep3,R1,0,0,0,0,0,3
P10_COR_rep3,R2,0,0,0,0,0,3
P10_COR_rep4,R1,0,0,0,0,0,3
P10_COR_rep4,R2,0,0,0,0,0,3
P10_COR_rep5,R1,0,0,0,0,0,3
P10_COR_rep5,R2,0,0,0,0,0,3
P10_COR_rep6,R1,0,0,0,0,0,3
P10_COR_rep6,R2,0,0,0,0,0,3
P10_COR_rep7,R1,0,0,0,0,0,3
P10_COR_rep7,R2,0,0,0,0,0,3
P10_COR_rep8,R1,0,0,0,0,0,3
P10_COR_rep8,R2,0,0,0,0,0,3
P10_COR_rep9,R1,0,0,0,0,0,3
P10_COR_rep9,R2,0,0,0,0,0,3
P10_ELB_rep1,R1,1,0,0,0,0,3
P10_ELB_rep1,R2,1,0,0,0,0,3
P10_ELB_rep2,R1,1,0,0,0,0,1
P10_ELB_rep2,R2,1,0,0,0,0,2
P10_ELB_rep3,R1,1,0,0,0,0,3
P10_ELB_rep3,R2,1,0,0,0,0,3
P10_ELB_rep4,R1,1,0,0,0,0,3
P10_ELB_rep4,R2,1,0,0,0,0,3
P10_ELB_rep5,R1,1,0,0,0,0,3
P10_ELB_rep5,R2,1,0,0,0,0,2
P10_HED_rep1,R1,0,0,0,0,1,3
P10_HED_rep1,R2,0,0,0,0,1,3
P10_HED_rep2,R1,0,0,0,0,1,3
P10_HED_rep2,R2,0,0,0,0,1,3
P10_HED_rep3,R1,0,0,0,0,1,3
P10_HED_rep3,R2,0,0,0,0,1,3
P10_HED_rep4,R1,0,0,0,0,1,3
P10_HED_rep4,R2,0,0,0,0,1,3
P10_HED_rep5,R1,0,0,0,0,1,3
P10_HED_rep5,R2,0,0,0,0,1,3
P10_SHR_rep1,R1,0,0,1,0,0,3
P10_SHR_rep1,R2,0,0,1,0,0,3
P10_SHR_rep2,R1,0,0,1,0,0,3
P10_SHR_rep2,R2,0,0,1,0,0,2
P10_SHR_rep3,R1,0,0,1,0,0,2
P10_SHR_rep3,R2,0,0,1,0,0,2
P10_SHR_rep4,R1,0,0,1,0,0,3
P10_SHR_rep4,R2,0,0,1,0,0,3
P10_SHR_rep5,R1,0,0,1,0,0,1
P10_SHR_rep5,R2,0,0,0,0,0,3
P10_TRK_rep1,R1,0,1,0,1,1,2
P10_TRK_rep1,R2,0,0,0,1,1,2
P10_TRK_rep2,R1,0,1,0,1,1,2
P10_TRK_rep2,R2,0,0,0,1,1,2
P10_TRK_rep3,R1,0,0,0,1,1,2
P10_TRK_rep3,R2,0,0,0,1,1,3
P10_TRK_rep4,R1,0,0,0,1,1,3
P10_TRK_rep4,R2,0,0,0,1,1,2
P10_TRK_rep5,R1,0,1,0,1,1,2
P10_TRK_rep5,R2,0,0,0,1,1,3
P11_ASY_rep1,R1,0,1,0,0,0,3
P11_ASY_rep1,R2,0,1,0,0,0,3
P11_ASY_rep2,R1,0,1,0,0,0,3
P11_ASY_rep2,R2,0,1,0,0,0,3
P11_ASY_rep3,R1,0,1,0,0,0,3
P11_ASY_rep3,R2,0,1,0,0,0,3
P11_ASY_rep4,R1,0,1,0,0,0,3
P11_ASY_rep4,R2,0,1,0,0,0,3
P11_ASY_rep5,R1,0,1,0,0,0,3
P11_ASY_rep5,R2,0,1,0,0,0,3
P11_COR_rep1,R1,0,0,0,0,0,3
P11_COR_rep1,R2,0,1,0,0,0,2
P11_COR_rep10,R1,0,0,0,0,0,3
P11_COR_rep10,R2,0,0,0,0,0,3
P11_COR_rep2,R1,0,0,0,0,0,3
P11_COR_rep2,R2,0,1,0,0,0,1
P11_COR_rep3,R1,0,0,0,0,0,3
P11_COR_rep3,R2,0,1,0,0,0,2
P11_COR_rep4,R1,0,0,0,0,0,3
P11_COR_rep4,R2,0,0,0,0,0,3
P11_COR_rep5,R1,0,1,0,0,0,2
P11_COR_rep5,R2,0,1,0,0,0,2
P11_COR_rep6,R1,0,0,0,0,0,3
P11_COR_rep6,R2,0,0,0,0,0,3
P11_COR_rep7,R1,0,0,0,0,0,3
P11_COR_rep7,R2,0,0,0,0,0,3
P11_COR_rep8,R1,0,0,0,0,0,3
P11_COR_rep8,R2,0,0,0,0,0,3
P11_COR_rep9,R1,0,0,0,0,0,3
P11_COR_rep9,R2,0,0,0,0,0,3
P11_ELB_rep1,R1,1,0,0,0,0,3
P11_ELB_rep1,R2,1,0,0,0,0,3
P11_ELB_rep2,R1,1,0,0,0,0,1
P11_ELB_rep2,R2,1,0,0,0,0,1
P11_ELB_rep3,R1,1,0,0,0,0,3
P11_ELB_rep3,R2,1,0,0,0,0,2
P11_ELB_rep4,R1,1,0,1,0,0,2
P11_ELB_rep4,R2,1,0,0,0,0,1
P11_ELB_rep5,R1,1,0,0,0,0,3
P11_ELB_rep5,R2,1,0,0,0,0,1
P11_HED_rep1,R1,0,0,0,0,1,3
P11_HED_rep1,R2,0,0,0,0,1,3
P11_HED_rep2,R1,0,0,0,0,1,3
P11_HED_rep2,R2,0,0,0,0,1,3
P11_HED_rep3,R1,0,0,0,0,1,3
P11_HED_rep3,R2,0,0,0,0,1,3
P11_HED_rep4,R1,0,0,0,0,1,2
P11_HED_rep4,R2,0,0,0,0,1,3
P11_HED_rep5,R1,0,0,0,0,1,3
P11_HED_rep5,R2,0,0,0,0,1,3
P11_SHR_rep1,R1,0,0,1,0,0,2
P11_SHR_rep1,R2,0,0,1,0,0,3
P11_SHR_rep2,R1,0,0,1,0,0,2
P11_SHR_rep2,R2,0,0,1,0,0,3
P11_SHR_rep3,R1,0,0,1,0,0,2
P11_SHR_rep3,R2,0,0,1,0,0,3
P11_SHR_rep4,R1,0,0,1,0,0,2
P11_SHR_rep4,R2,0,0,1,0,0,3
P11_SHR_rep5,R1,0,0,1,0,0,2
P11_SHR_rep5,R2,0,0,1,0,0,3
P11_TRK_rep1,R1,0,0,0,1,0,3
P11_TRK_rep1,R2,0,0,0,1,0,3
P11_TRK_rep2,R1,0,1,0,1,0,2
P11_TRK_rep2,R2,0,0,0,1,0,3
P11_TRK_rep3,R1,0,1,0,1,0,2
P11_TRK_rep3,R2,0,0,0,1,0,3
P11_TRK_rep4,R1,0,1,0,1,0,2
P11_TRK_rep4,R2,0,0,0,1,0,3
P11_TRK_rep5,R1,0,1,0,1,0,2
P11_TRK_rep5,R2,0,0,0,1,0,3
P12_ASY_rep1,R1,0,1,0,0,0,3
P12_ASY_rep1,R2,0,1,0,0,0,3
P12_ASY_rep2,R1,0,1,0,0,0,3
P12_ASY_rep2,R2,0,1,0,0,0,3
P12_ASY_rep3,R1,0,1,0,0,0,3
P12_ASY_rep3,R2,0,1,0,0,0,3
P12_ASY_rep4,R1,0,1,0,0,0,3
P12_ASY_rep4,R2,0,1,0,0,0,3
P12_ASY_rep5,R1,0,1,0,0,0,3
P12_ASY_rep5,R2,0,1,0,0,0,3
P12_COR_rep1,R1,0,0,0,0,0,3
P12_COR_rep1,R2,0,0,0,0,0,3
P12_COR_rep10,R1,0,0,0,0,0,3
P12_COR_rep10,R2,0,0,0,0,0,3
P12_COR_rep2,R1,0,0,0,0,0,3
P12_COR_rep2,R2,0,0,0,0,0,3
P12_COR_rep3,R1,0,0,0,0,0,3
P12_COR_rep3,R2,0,0,0,0,0,3
P12_COR_rep4,R1,0,0,0,0,0,2
P12_COR_rep4,R2,0,0,0,0,0,3
P12_COR_rep5,R1,0,0,0,0,0,3
P12_COR_rep5,R2,0,0,0,0,0,3
P12_COR_rep6,R1,0,0,0,0,0,3
P12_COR_rep6,R2,0,0,0,0,0,3
P12_COR_rep7,R1,0,0,0,0,0,3
P12_COR_rep7,R2,0,0,0,0,0,3
P12_COR_rep8,R1,0,0,0,0,0,2
P12_COR_rep8,R2,0,0,0,0,0,3
P12_COR_rep9,R1,0,0,0,0,0,3
P12_COR_rep9,R2,0,0,0,0,0,3
P12_ELB_rep1,R1,1,0,0,0,0,3
P12_ELB_rep1,R2,1,0,0,0,0,3
P12_ELB_rep2,R1,1,0,0,0,0,2
P12_ELB_rep2,R2,1,0,0,0,0,3
P12_ELB_rep3,R1,1,0,0,0,0,3
P12_ELB_rep3,R2,1,0,0,0,0,3
P12_ELB_rep4,R1,1,0,0,0,0,3
P12_ELB_rep4,R2,1,0,0,0,0,3
P12_ELB_rep5,R1,1,0,0,0,0,3
P12_ELB_rep5,R2,1,0,0,0,0,3
P12_HED_rep1,R1,0,0,0,0,1,3
P12_HED_rep1,R2,0,0,1,0,1,2
P12_HED_rep2,R1,0,0,0,0,1,3
P12_HED_rep2,R2,0,0,0,0,1,3
P12_HED_rep3,R1,0,0,1,0,1,2
P12_HED_rep3,R2,0,0,1,0,1,2
P12_HED_rep4,R1,0,0,1,0,1,2
P12_HED_rep4,R2,0,0,1,0,1,2
P12_HED_rep5,R1,0,0,1,0,1,2
P12_HED_rep5,R2,0,0,0,0,1,3
P12_SHR_rep1,R1,0,0,1,0,0,3
P12_SHR_rep1,R2,0,0,1,0,0,3
P12_SHR_rep2,R1,0,0,1,0,0,3
P12_SHR_rep2,R2,0,0,1,0,0,3
P12_SHR_rep3,R1,0,0,1,0,0,3
P12_SHR_rep3,R2,0,0,1,0,0,3
P12_SHR_rep4,R1,0,0,1,0,0,3
P12_SHR_rep4,R2,0,0,1,0,0,3
P12_SHR_rep5,R1,0,0,1,0,0,1
P12_SHR_rep5,R2,0,0,1,0,0,2
P12_TRK_rep1,R1,0,1,0,1,0,2
P12_TRK_rep1,R2,0,0,0,1,1,2
P12_TRK_rep2,R1,0,1,0,1,0,2
P12_TRK_rep2,R2,0,0,0,1,0,3
P12_TRK_rep3,R1,0,1,0,1,1,2
P12_TRK_rep3,R2,0,1,0,1,0,2
P12_TRK_rep4,R1,0,1,0,1,0,2
P12_TRK_rep4,R2,0,1,0,1,0,3
P12_TRK_rep5,R1,0,1,0,1,0,2
P12_TRK_rep5,R2,0,0,0,1,0,3
P13_ASY_rep1,R1,0,1,0,0,0,3
P13_ASY_rep1,R2,0,1,0,0,0,3
P13_ASY_rep2,R1,0,1,0,0,0,3
P13_ASY_rep2,R2,0,1,0,0,0,3
P13_ASY_rep3,R1,0,1,0,0,0,2
P13_ASY_rep3,R2,0,1,0,0,0,3
P13_ASY_rep4,R1,0,1,0,0,0,3
P13_ASY_rep4,R2,0,1,0,0,0,3
P13_ASY_rep5,R1,0,1,0,0,0,3
P13_ASY_rep5,R2,0,1,0,0,0,3
P13_COR_rep1,R1,0,0,0,0,0,3
P13_COR_rep1,R2,0,1,0,0,0,1
P13_COR_rep10,R1,0,0,0,0,0,3
P13_COR_rep10,R2,0,1,0,0,0,1
P13_COR_rep2,R1,0,0,0,0,0,3
P13_COR_rep2,R2,0,1,0,0,0,2
P13_COR_rep3,R1,0,0,0,0,0,3
P13_COR_rep3,R2,0,0,0,0,0,3
P13_COR_rep4,R1,0,0,0,0,0,3
P13_COR_rep4,R2,0,0,0,0,0,3
P13_COR_rep5,R1,0,0,0,0,0,2
P13_COR_rep5,R2,0,1,0,0,0,1
P13_COR_rep6,R1,0,0,0,0,0,2
P13_COR_rep6,R2,0,0,0,0,0,3
P13_COR_rep7,R1,0,0,0,0,0,3
P13_COR_rep7,R2,0,0,0,0,0,3
P13_COR_rep8,R1,0,0,0,0,0,3
P13_COR_rep8,R2,0,1,0,0,0,1
P13_COR_rep9,R1,0,0,0,0,0,3
P13_COR_rep9,R2,0,1,0,0,0,2
P13_ELB_rep1,R1,1,0,0,0,0,3
P13_ELB_rep1,R2,1,0,0,0,0,3
P13_ELB_rep2,R1,1,1,0,0,0,2
P13_ELB_rep2,R2,1,0,0,0,0,3
P13_ELB_rep3,R1,1,0,0,0,0,3
P13_ELB_rep3,R2,1,0,0,0,0,3
P13_ELB_rep4,R1,1,0,0,0,0,3
P13_ELB_rep4,R2,1,0,0,0,0,3
P13_ELB_rep5,R1,1,0,0,0,0,3
P13_ELB_rep5,R2,1,0,0,0,0,3
P13_HED_rep1,R1,0,0,0,0,1,3
P13_HED_rep1,R2,0,0,0,0,1,3
P13_HED_rep2,R1,0,0,1,0,1,2
P13_HED_rep2,R2,0,1,0,0,1,2
P13_HED_rep3,R1,0,0,0,0,1,2
P13_HED_rep3,R2,0,0,0,0,1,3
P13_HED_rep4,R1,0,0,0,0,1,2
P13_HED_rep4,R2,0,0,0,0,1,3
P13_HED_rep5,R1,0,0,0,0,1,2
P13_HED_rep5,R2,0,0,0,0,1,3
P13_SHR_rep1,R1,0,0,1,0,0,1
P13_SHR_rep1,R2,0,0,1,0,0,3
P13_SHR_rep2,R1,0,0,1,0,0,1
P13_SHR_rep2,R2,0,0,1,0,0,2
P13_SHR_rep3,R1,0,0,1,0,0,2
P13_SHR_rep3,R2,0,0,1,0,0,2
P13_SHR_rep4,R1,0,0,1,0,0,3
P13_SHR_rep4,R2,0,0,1,0,0,3
P13_SHR_rep5,R1,0,0,1,0,0,2
P13_SHR_rep5,R2,0,0,1,0,0,3
P13_TRK_rep1,R1,0,1,0,1,0,2
P13_TRK_rep1,R2,0,0,0,1,0,3
P13_TRK_rep2,R1,0,1,0,1,0,2
P13_TRK_rep2,R2,0,0,0,1,0,3
P13_TRK_rep3,R1,0,0,0,1,0,3
P13_TRK_rep3,R2,0,1,0,1,0,2
P13_TRK_rep4,R1,0,1,0,1,0,2
P13_TRK_rep4,R2,0,0,0,1,0,3
P13_TRK_rep5,R1,0,1,0,1,0,2
P13_TRK_rep5,R2,0,0,0,1,0,3
P14_ASY_rep1,R1,0,1,0,0,0,3
P14_ASY_rep1,R2,0,1,0,0,0,3
P14_ASY_rep2,R1,0,1,0,0,0,3
P14_ASY_rep2,R2,0,1,0,0,0,3
P14_ASY_rep3,R1,0,1,0,0,0,3
P14_ASY_rep3,R2,0,1,0,0,0,3
P14_ASY_rep4,R1,0,1,0,0,0,3
P14_ASY_rep4,R2,0,1,0,0,0,3
P14_ASY_rep5,R1,0,1,0,0,0,3
P14_ASY_rep5,R2,0,1,0,0,0,3
P14_COR_rep1,R1,0,0,0,0,0,2
P14_COR_rep1,R2,0,0,0,0,0,3
P14_COR_rep10,R1,0,0,0,0,0,3
P14_COR_rep10,R2,0,0,0,0,0,3
P14_COR_rep2,R1,0,0,0,0,0,3
P14_COR_rep2,R2,0,0,0,0,0,3
P14_COR_rep3,R1,0,0,0,0,0,3
P14_COR_rep3,R2,0,0,0,0,0,3
P14_COR_rep4,R1,0,0,0,0,0,3
P14_COR_rep4,R2,0,0,0,0,0,3
P14_COR_rep5,R1,0,0,0,0,0,2
P14_COR_rep5,R2,0,0,0,0,0,3
P14_COR_rep6,R1,0,0,0,0,0,3
P14_COR_rep6,R2,0,0,0,0,0,3
P14_COR_rep7,R1,0,0,0,0,0,2
P14_COR_rep7,R2,0,0,0,0,0,3
P14_COR_rep8,R1,0,0,0,0,0,3
P14_COR_rep8,R2,0,0,0,0,0,3
P14_COR_rep9,R1,0,0,0,0,0,3
P14_COR_rep9,R2,0,0,0,0,0,3
P14_ELB_rep1,R1,1,1,0,0,0,2
P14_ELB_rep1,R2,1,0,0,0,0,3
P14_ELB_rep2,R1,1,0,0,0,0,2
P14_ELB_rep2,R2,1,0,0,0,0,3
P14_ELB_rep3,R1,1,0,0,0,0,3
P14_ELB_rep3,R2,1,0,0,0,0,3
P14_ELB_rep4,R1,1,0,0,0,0,3
P14_ELB_rep4,R2,1,0,0,0,0,3
P14_ELB_rep5,R1,1,0,0,0,0,3
P14_ELB_rep5,R2,1,0,0,0,0,3
P14_HED_rep1,R1,0,0,0,0,1,2
P14_HED_rep1,R2,0,0,0,0,1,3
P14_HED_rep2,R1,0,0,0,0,1,2
P14_HED_rep2,R2,0,1,0,0,1,2
P14_HED_rep3,R1,0,0,1,0,1,2
P14_HED_rep3,R2,0,0,0,0,1,3
P14_HED_rep4,R1,0,0,0,1,1,2
P14_HED_rep4,R2,0,0,0,0,1,3
P14_HED_rep5,R1,0,0,0,0,1,3
P14_HED_rep5,R2,0,0,0,0,1,3
P14_SHR_rep1,R1,0,0,1,0,0,3
P14_SHR_rep1,R2,0,0,1,0,0,3
P14_SHR_rep2,R1,0,0,1,0,0,3
P14_SHR_rep2,R2,0,0,1,0,0,3
P14_SHR_rep3,R1,0,0,1,0,0,3
P14_SHR_rep3,R2,0,0,1,0,0,3
P14_SHR_rep4,R1,0,0,1,0,0,2
P14_SHR_rep4,R2,0,0,1,0,0,3
P14_SHR_rep5,R1,0,0,1,0,0,3
P14_SHR_rep5,R2,0,0,1,0,0,2
P14_TRK_rep1,R1,0,0,0,1,0,3
P14_TRK_rep1,R2,0,0,0,1,1,3
P14_TRK_rep2,R1,0,0,0,1,0,3
P14_TRK_rep2,R2,0,0,0,1,0,3
P14_TRK_rep3,R1,0,0,0,1,0,3
P14_TRK_rep3,R2,0,1,0,1,0,2
P14_TRK_rep4,R1,0,0,0,1,0,2
P14_TRK_rep4,R2,0,0,0,1,0,3
P14_TRK_rep5,R1,0,0,0,1,0,3
P14_TRK_rep5,R2,0,0,0,1,0,3
P15_ASY_rep1,R1,0,1,0,0,0,2
P15_ASY_rep1,R2,0,1,0,0,0,3
P15_ASY_rep2,R1,0,0,1,0,0,2
P15_ASY_rep2,R2,0,1,0,0,0,3
P15_ASY_rep3,R1,0,1,0,0,0,3
P15_ASY_rep3,R2,0,1,0,0,0,3
P15_ASY_rep4,R1,0,1,1,0,0,2
P15_ASY_rep4,R2,0,1,0,0,0,3
P15_ASY_rep5,R1,0,1,1,0,0,2
P15_ASY_rep5,R2,0,1,0,0,0,3
P15_COR_rep1,R1,0,0,0,0,0,2
P15_COR_rep1,R2,0,0,0,0,0,3
P15_COR_rep10,R1,0,0,0,0,0,3
P15_COR_rep10,R2,0,0,0,0,0,3
P15_COR_rep2,R1,0,0,0,0,0,3
P15_COR_rep2,R2,0,0,0,0,0,3
P15_COR_rep3,R1,0,0,0,0,0,3
P15_COR_rep3,R2,0,0,0,0,0,3
P15_COR_rep4,R1,0,0,0,0,0,3
P15_COR_rep4,R2,0,0,0,0,0,3
P15_COR_rep5,R1,0,0,0,0,0,3
P15_COR_rep5,R2,0,0,0,0,0,3
P15_COR_rep6,R1,0,0,0,0,0,2
P15_COR_rep6,R2,0,0,0,0,0,3
P15_COR_rep7,R1,0,0,0,0,0,3
P15_COR_rep7,R2,0,0,0,0,0,3
P15_COR_rep8,R1,0,0,0,0,0,3
P15_COR_rep8,R2,0,0,0,0,0,3
P15_COR_rep9,R1,0,0,1,0,0,1
P15_COR_rep9,R2,0,0,0,0,0,3
P15_ELB_rep1,R1,1,0,1,0,0,2
P15_ELB_rep1,R2,1,0,1,0,0,2
P15_ELB_rep2,R1,1,0,1,0,0,2
P15_ELB_rep2,R2,1,0,1,0,0,3
P15_ELB_rep3,R1,1,0,0,0,0,3
P15_ELB_rep3,R2,1,0,0,0,0,3
P15_ELB_rep4,R1,1,0,1,0,0,2
P15_ELB_rep4,R2,1,0,0,0,0,3
P15_ELB_rep5,R1,1,0,1,0,0,2
P15_ELB_rep5,R2,1,0,0,0,0,3
P15_HED_rep1,R1,0,0,1,0,1,2
P15_HED_rep1,R2,0,0,1,0,1,2
P15_HED_rep2,R1,0,0,1,0,1,2
P15_HED_rep2,R2,0,0,0,0,1,3
P15_HED_rep3,R1,0,0,0,0,1,2
P15_HED_rep3,R2,0,0,0,0,1,3
P15_HED_rep4,R1,0,0,1,0,1,2
P15_HED_rep4,R2,0,0,1,0,1,2
P15_HED_rep5,R1,0,0,0,0,1,3
P15_HED_rep5,R2,0,0,1,0,1,2
P15_SHR_rep1,R1,0,0,1,0,0,3
P15_SHR_rep1,R2,0,0,1,0,0,3
P15_SHR_rep2,R1,0,0,1,0,0,3
P15_SHR_rep2,R2,0,0,1,0,0,3
P15_SHR_rep3,R1,0,0,1,0,0,2
P15_SHR_rep3,R2,0,0,1,0,0,3
P15_SHR_rep4,R1,0,0,1,0,0,3
P15_SHR_rep4,R2,0,0,1,0,0,3
P15_SHR_rep5,R1,0,0,1,0,0,3
P15_SHR_rep5,R2,0,0,1,0,0,3
P15_TRK_rep1,R1,0,0,0,1,0,2
P15_TRK_rep1,R2,0,0,0,1,0,3
P15_TRK_rep2,R1,0,0,0,1,0,3
P15_TRK_rep2,R2,0,0,0,1,0,3
P15_TRK_rep3,R1,0,0,0,1,0,3
P15_TRK_rep3,R2,0,0,0,1,0,3
P15_TRK_rep4,R1,0,0,0,1,0,3
P15_TRK_rep4,R2,0,0,0,1,0,3
P15_TRK_rep5,R1,0,0,0,1,0,2
P15_TRK_rep5,R2,0,0,0,1,0,3
P16_ASY_rep1,R1,0,1,0,0,0,3
P16_ASY_rep1,R2,0,1,0,0,0,3
P16_ASY_rep2,R1,0,1,0,0,0,3
P16_ASY_rep2,R2,0,1,0,0,0,3
P16_ASY_rep3,R1,0,1,0,0,0,3
P16_ASY_rep3,R2,0,1,0,0,0,3
P16_ASY_rep4,R1,0,1,0,0,0,3
P16_ASY_rep4,R2,0,1,0,0,0,3
P16_ASY_rep5,R1,0,1,0,0,0,3
P16_ASY_rep5,R2,0,1,0,0,0,3
P16_COR_rep1,R1,0,0,0,0,0,3
P16_COR_rep1,R2,0,0,0,0,0,3
P16_COR_rep10,R1,0,0,0,0,0,3
P16_COR_rep10,R2,0,1,0,0,0,2
P16_COR_rep2,R1,0,0,0,0,0,3
P16_COR_rep2,R2,0,0,0,0,0,3
P16_COR_rep3,R1,0,0,0,0,0,3
P16_COR_rep3,R2,0,0,0,0,0,3
P16_COR_rep4,R1,0,0,0,0,0,3
P16_COR_rep4,R2,0,0,0,0,0,3
P16_COR_rep5,R1,0,0,0,0,0,2
P16_COR_rep5,R2,0,0,0,0,0,3
P16_COR_rep6,R1,0,0,0,0,0,2
P16_COR_rep6,R2,0,1,0,0,0,1
P16_COR_rep7,R1,0,0,0,0,0,3
P16_COR_rep7,R2,0,0,0,0,0,3
P16_COR_rep8,R1,0,0,0,0,0,3
P16_COR_rep8,R2,0,0,0,0,0,3
P16_COR_rep9,R1,0,0,0,0,0,3
P16_COR_rep9,R2,0,0,0,0,0,3
P16_ELB_rep1,R1,1,0,1,0,0,2
P16_ELB_rep1,R2,1,0,1,0,0,2
P16_ELB_rep2,R1,1,0,0,0,0,3
P16_ELB_rep2,R2,1,0,1,0,0,2
P16_ELB_rep3,R1,1,0,0,0,0,2
P16_ELB_rep3,R2,1,0,0,0,0,3
P16_ELB_rep4,R1,1,0,1,0,0,2
P16_ELB_rep4,R2,1,0,0,0,0,3
P16_ELB_rep5,R1,1,0,0,0,0,3
P16_ELB_rep5,R2,1,0,0,0,0,3
P16_HED_rep1,R1,0,0,0,0,1,3
P16_HED_rep1,R2,0,0,1,0,1,3
P16_HED_rep2,R1,0,0,0,0,1,2
P16_HED_rep2,R2,0,0,0,0,1,3
P16_HED_rep3,R1,0,0,0,0,1,3
P16_HED_rep3,R2,0,0,0,0,1,3
P16_HED_rep4,R1,0,0,0,0,1,3
P16_HED_rep4,R2,0,0,0,0,1,3
P16_HED_rep5,R1,0,0,0,0,1,2
P16_HED_rep5,R2,0,0,0,0,1,3
P16_SHR_rep1,R1,0,0,1,0,0,3
P16_SHR_rep1,R2,0,0,1,0,0,3
P16_SHR_rep2,R1,0,0,1,0,0,3
P16_SHR_rep2,R2,0,0,1,0,0,3
P16_SHR_rep3,R1,0,0,1,0,0,3
P16_SHR_rep3,R2,0,0,1,0,0,2
P16_SHR_rep4,R1,0,0,1,0,0,3
P16_SHR_rep4,R2,0,0,1,0,0,3
P16_SHR_rep5,R1,0,0,1,0,0,3
P16_SHR_rep5,R2,0,0,1,0,0,3
P16_TRK_rep1,R1,0,0,0,1,0,3
P16_TRK_rep1,R2,0,0,0,1,0,3
P16_TRK_rep2,R1,0,0,0,1,0,2
P16_TRK_rep2,R2,0,0,0,1,0,3
P16_TRK_rep3,R1,0,1,0,1,0,2
P16_TRK_rep3,R2,0,1,0,1,0,3
P16_TRK_rep4,R1,0,0,0,1,0,2
P16_TRK_rep4,R2,0,0,0,1,0,3
P16_TRK_rep5,R1,0,0,0,1,1,2
P16_TRK_rep5,R2,0,0,0,1,0,3
P17_ASY_rep1,R1,0,1,0,0,0,3
P17_ASY_rep1,R2,0,1,0,0,0,3
P17_ASY_rep2,R1,0,1,0,0,0,3
P17_ASY_rep2,R2,0,1,0,0,0,3
P17_ASY_rep3,R1,0,1,0,0,0,2
P17_ASY_rep3,R2,0,1,0,0,0,3
P17_ASY_rep4,R1,0,1,0,0,0,3
P17_ASY_rep4,R2,0,1,0,0,0,3
P17_ASY_rep5,R1,0,1,0,0,0,2
P17_ASY_rep5,R2,0,1,0,0,0,3
P17_COR_rep1,R1,0,0,0,0,0,3
P17_COR_rep1,R2,0,0,0,0,0,3
P17_COR_rep10,R1,0,0,0,0,0,2
P17_COR_rep10,R2,0,1,0,0,0,2
P17_COR_rep2,R1,0,0,0,0,0,2
P17_COR_rep2,R2,0,1,0,0,0,1
P17_COR_rep3,R1,0,0,0,0,0,3
P17_COR_rep3,R2,0,0,0,0,0,3
P17_COR_rep4,R1,0,0,0,0,0,3
P17_COR_rep4,R2,0,0,0,0,0,3
P17_COR_rep5,R1,0,0,0,0,0,3
P17_COR_rep5,R2,0,1,0,0,0,1
P17_COR_rep6,R1,0,0,0,0,0,3
P17_COR_rep6,R2,0,1,0,0,0,1
P17_COR_rep7,R1,0,0,0,0,0,2
P17_COR_rep7,R2,0,0,0,0,0,3
P17_COR_rep8,R1,0,0,0,0,0,3
P17_COR_rep8,R2,0,1,0,0,0,1
P17_COR_rep9,R1,0,0,0,0,0,2
P17_COR_rep9,R2,0,0,0,0,0,3
P17_ELB_rep1,R1,1,0,0,0,0,3
P17_ELB_rep1,R2,1,0,1,0,0,3
P17_ELB_rep2,R1,1,0,0,0,0,3
P17_ELB_rep2,R2,1,0,0,0,0,3
P17_ELB_rep3,R1,1,0,1,0,0,2
P17_ELB_rep3,R2,1,0,0,0,0,3
P17_ELB_rep4,R1,1,0,1,0,0,2
P17_ELB_rep4,R2,1,0,1,0,0,2
P17_ELB_rep5,R1,1,0,1,0,0,2
P17_ELB_rep5,R2,1,0,1,0,0,2
P17_HED_rep1,R1,0,0,1,0,1,2
P17_HED_rep1,R2,0,0,0,0,1,3
P17_HED_rep2,R1,0,0,1,0,1,2
P17_HED_rep2,R2,0,0,0,0,1,3
P17_HED_rep3,R1,0,0,1,0,1,2
P17_HED_rep3,R2,0,0,1,0,1,2
P17_HED_rep4,R1,0,0,0,0,1,3
P17_HED_rep4,R2,0,0,0,0,1,3
P17_HED_rep5,R1,0,0,1,0,1,2
P17_HED_rep5,R2,0,0,0,0,1,3
P17_SHR_rep1,R1,0,0,1,0,0,2
P17_SHR_rep1,R2,0,0,1,0,0,3
P17_SHR_rep2,R1,0,0,1,0,0,2
P17_SHR_rep2,R2,0,1,0,0,0,3
P17_SHR_rep3,R1,0,0,1,0,0,2
P17_SHR_rep3,R2,0,0,1,0,0,2
P17_SHR_rep4,R1,0,0,1,0,0,3
P17_SHR_rep4,R2,0,0,1,0,0,3
P17_SHR_rep5,R1,0,0,1,0,0,2
P17_SHR_rep5,R2,0,0,1,0,0,3
P17_TRK_rep1,R1,0,0,0,1,1,2
P17_TRK_rep1,R2,0,0,0,1,1,3
P17_TRK_rep2,R1,0,0,0,1,0,3
P17_TRK_rep2,R2,0,0,0,1,0,3
P17_TRK_rep3,R1,0,0,0,1,0,3
P17_TRK_rep3,R2,0,0,0,1,0,3
P17_TRK_rep4,R1,0,0,0,1,0,3
P17_TRK_rep4,R2,0,0,0,1,0,3
P17_TRK_rep5,R1,0,0,0,1,0,2
P17_TRK_rep5,R2,0,0,0,1,0,3
P18_ASY_rep1,R1,0,1,1,0,0,2
P18_ASY_rep1,R2,0,1,0,0,0,3
P18_ASY_rep2,R1,0,1,1,0,0,2
P18_ASY_rep2,R2,0,1,1,0,0,2
P18_ASY_rep3,R1,0,1,0,0,0,2
P18_ASY_rep3,R2,0,1,0,0,0,3
P18_ASY_rep4,R1,0,1,0,0,0,2
P18_ASY_rep4,R2,0,1,0,0,0,3
P18_ASY_rep5,R1,0,1,0,0,0,3
P18_ASY_rep5,R2,0,1,0,0,0,3
P18_COR_rep1,R1,0,0,0,0,0,2
P18_COR_rep1,R2,0,1,0,0,0,3
P18_COR_rep10,R1,0,0,0,0,0,2
P18_COR_rep10,R2,0,0,0,0,0,3
P18_COR_rep2,R1,0,0,0,0,0,3
P18_COR_rep2,R2,0,1,0,0,0,1
P18_COR_rep3,R1,0,0,0,0,0,3
P18_COR_rep3,R2,0,0,0,0,0,3
P18_COR_rep4,R1,0,0,0,0,0,3
P18_COR_rep4,R2,0,0,0,0,0,3
P18_COR_rep5,R1,0,0,0,0,0,3
P18_COR_rep5,R2,0,0,0,0,0,3
P18_COR_rep6,R1,0,0,0,0,0,3
P18_COR_rep6,R2,0,0,0,0,0,3
P18_COR_rep7,R1,0,0,0,0,0,3
P18_COR_rep7,R2,0,0,0,0,0,3
P18_COR_rep8,R1,0,0,0,0,0,3
P18_COR_rep8,R2,0,0,0,0,0,3
P18_COR_rep9,R1,0,0,0,0,0,2
P18_COR_rep9,R2,0,1,0,0,0,3
P18_ELB_rep1,R1,0,0,1,0,0,2
P18_ELB_rep1,R2,0,0,1,0,0,3
P18_ELB_rep2,R1,1,0,1,0,0,2
P18_ELB_rep2,R2,0,0,1,0,0,2
P18_ELB_rep3,R1,1,1,1,0,0,2
P18_ELB_rep3,R2,0,1,1,0,0,2
P18_ELB_rep4,R1,0,0,1,0,0,3
P18_ELB_rep4,R2,1,0,1,0,0,2
P18_ELB_rep5,R1,0,1,1,0,0,2
P18_ELB_rep5,R2,0,0,1,0,0,3
P18_HED_rep1,R1,0,0,0,0,1,3
P18_HED_rep1,R2,0,0,0,0,1,3
P18_HED_rep2,R1,0,0,1,0,1,2
P18_HED_rep2,R2,0,0,0,0,1,3
P18_HED_rep3,R1,0,0,1,0,1,2
P18_HED_rep3,R2,0,0,0,0,1,3
P18_HED_rep4,R1,0,0,1,0,1,2
P18_HED_rep4,R2,0,0,0,0,1,3
P18_HED_rep5,R1,0,0,0,0,1,3
P18_HED_rep5,R2,0,0,1,0,1,2
P18_SHR_rep1,R1,0,0,1,0,0,1
P18_SHR_rep1,R2,0,0,1,0,0,3
P18_SHR_rep2,R1,0,0,1,0,0,3
P18_SHR_rep2,R2,0,0,1,0,0,3
P18_SHR_rep3,R1,0,0,1,0,0,3
P18_SHR_rep3,R2,0,0,1,0,0,3
P18_SHR_rep4,R1,0,0,1,0,0,3
P18_SHR_rep4,R2,0,0,1,0,0,3
P18_SHR_rep5,R1,0,0,1,0,0,3
P18_SHR_rep5,R2,0,0,1,0,0,3
P18_TRK_rep1,R1,0,0,1,1,0,2
P18_TRK_rep1,R2,0,0,1,1,0,2
P18_TRK_rep2,R1,0,0,1,1,0,2
P18_TRK_rep2,R2,0,0,1,1,0,3
P18_TRK_rep3,R1,0,0,1,1,0,2
P18_TRK_rep3,R2,0,0,0,1,0,3
P18_TRK_rep4,R1,0,0,1,1,0,2
P18_TRK_rep4,R2,0,0,0,1,0,3
P18_TRK_rep5,R1,0,0,1,1,0,2
P18_TRK_rep5,R2,0,0,0,1,0,3
